{
  "hit": {
    "totalcmd": 460,
    "todaycmd": 36,
    "menu": 201,
    "sc": 5,
    "allmenu": 21,
    "bot": 24,
    "autotyping": 2,
    "addprem": 13,
    "donasi": 7,
    "inspect": 2,
    "ownermenu": 6,
    "toimg": 6,
    "owner": 6,
    "setcmd": 1,
    "tagme": 1,
    "jadibot": 2,
    "stopjadibot": 2,
    "tiktok": 4,
    "botmenu": 5,
    "s": 10,
    "setbotpackname": 6,
    "groupmenu": 3,
    "antilink": 1,
    "del": 3,
    "setppbot": 1,
    "setwelcome": 1,
    "sewa": 2,
    "toptv": 1,
    "setbotname": 2,
    "clearchat": 1,
    "smeme": 2,
    "ssweb": 1,
    "aimenu": 4,
    "ai": 3,
    "runtime": 10,
    "bass": 1,
    "robot": 1,
    "coba": 6,
    "set": 1,
    "info": 1,
    "group": 13,
    "sgif": 3,
    "setbotauthor": 2,
    "togif": 1,
    "kick": 1,
    "promote": 2,
    "pin": 2,
    "animemenu": 1,
    "neko": 1,
    "waifu": 3,
    "pinterest": 6,
    "gamemenu": 1,
    "blackjack": 3,
    "addlimit": 2,
    "slot": 1,
    "begal": 1,
    "confes": 18,
    "funmenu": 1,
    "delconfes": 11,
    "coffe": 1,
    "tomp3": 3,
    "tt": 3,
    "downloadmenu": 1,
    "ytmp3": 2,
    "ytmp4": 2,
    "ttmp3": 2,
    "ttstalk": 2,
    "ig": 1,
    "toolsmenu": 1
  },
  "set": {
    "6285624916756@s.whatsapp.net": {
      "lang": "id",
      "limit": 0,
      "money": 0,
      "status": 1757073601306,
      "join": true,
      "public": true,
      "anticall": true,
      "original": true,
      "readsw": false,
      "autobio": true,
      "autoread": false,
      "antispam": false,
      "autotyping": false,
      "grouponly": true,
      "multiprefix": false,
      "privateonly": true,
      "author": "OmStiffYT",
      "autobackup": false,
      "botname": "ZenosBOT",
      "packname": "Created By",
      "template": 4,
      "owner": [
        {
          "id": "6283879685072",
          "lock": true
        }
      ]
    }
  },
  "cmd": {},
  "store": {},
  "users": {
    "6285624916756@s.whatsapp.net": {
      "vip": false,
      "ban": false,
      "afkTime": -1,
      "afkReason": "",
      "register": false,
      "limit": 20,
      "money": 100,
      "lastclaim": 1756312834310,
      "lastbegal": 1756312834310,
      "lastrampok": 1756312834310
    },
    "6283879685072@s.whatsapp.net": {
      "vip": false,
      "ban": false,
      "afkTime": -1,
      "afkReason": "",
      "register": false,
      "limit": 99999,
      "money": 1000099,
      "lastclaim": 1756312881604,
      "lastbegal": 1756312881604,
      "lastrampok": 1756312881604
    },
    "120363388238563101@newsletter": {
      "vip": false,
      "ban": false,
      "afkTime": -1,
      "afkReason": "",
      "register": false,
      "limit": 20,
      "money": 100,
      "lastclaim": 1756321269233,
      "lastbegal": 1756321269233,
      "lastrampok": 1756321269233
    },
    "6285363492008@s.whatsapp.net": {
      "vip": false,
      "ban": false,
      "afkTime": -1,
      "afkReason": "",
      "register": false,
      "limit": 20,
      "money": 100,
      "lastclaim": 1756344210097,
      "lastbegal": 1756344210097,
      "lastrampok": 1756344210097
    },
    "601112088483@s.whatsapp.net": {
      "vip": false,
      "ban": false,
      "afkTime": -1,
      "afkReason": "",
      "register": false,
      "limit": 20,
      "money": 100,
      "lastclaim": 1756347157823,
      "lastbegal": 1756347157823,
      "lastrampok": 1756347157823
    },
    "120363201990147014@newsletter": {
      "vip": false,
      "ban": false,
      "afkTime": -1,
      "afkReason": "",
      "register": false,
      "limit": 20,
      "money": 100,
      "lastclaim": 1756348145725,
      "lastbegal": 1756348145725,
      "lastrampok": 1756348145725
    },
    "6285974151564@s.whatsapp.net": {
      "vip": false,
      "ban": false,
      "afkTime": -1,
      "afkReason": "",
      "register": false,
      "limit": 20,
      "money": 100,
      "lastclaim": 1756367690129,
      "lastbegal": 1756367690129,
      "lastrampok": 1756367690129
    },
    "6281247137646@s.whatsapp.net": {
      "vip": false,
      "ban": false,
      "afkTime": -1,
      "afkReason": "",
      "register": false,
      "limit": 20,
      "money": 100,
      "lastclaim": 1756375942325,
      "lastbegal": 1756375942325,
      "lastrampok": 1756375942325
    },
    "6285705713369@s.whatsapp.net": {
      "vip": false,
      "ban": false,
      "afkTime": -1,
      "afkReason": "",
      "register": false,
      "limit": 20,
      "money": 100,
      "lastclaim": 1756380201777,
      "lastbegal": 1756380201777,
      "lastrampok": 1756380201777
    },
    "6283177730814@s.whatsapp.net": {
      "vip": true,
      "ban": false,
      "afkTime": -1,
      "afkReason": "",
      "register": false,
      "limit": 9999,
      "money": 100,
      "lastclaim": 1756382287364,
      "lastbegal": 1756382287364,
      "lastrampok": 1756382287364
    },
    "6288289203306@s.whatsapp.net": {
      "vip": false,
      "ban": false,
      "afkTime": -1,
      "afkReason": "",
      "register": false,
      "limit": 20,
      "money": 100,
      "lastclaim": 1756919149302,
      "lastbegal": 1756919149302,
      "lastrampok": 1756919149302
    },
    "6281335348071@s.whatsapp.net": {
      "vip": false,
      "ban": false,
      "afkTime": -1,
      "afkReason": "",
      "register": false,
      "limit": 20,
      "money": 100,
      "lastclaim": 1756920933597,
      "lastbegal": 1756920933597,
      "lastrampok": 1756920933597
    },
    "6285972513840@s.whatsapp.net": {
      "vip": true,
      "ban": false,
      "afkTime": -1,
      "afkReason": "",
      "register": false,
      "limit": 99996,
      "money": 99999,
      "lastclaim": 1756925505301,
      "lastbegal": 1756925505301,
      "lastrampok": 1756925505301
    },
    "6285813654409@s.whatsapp.net": {
      "vip": false,
      "ban": false,
      "afkTime": -1,
      "afkReason": "",
      "register": false,
      "limit": 20,
      "money": 100,
      "lastclaim": 1756925590750,
      "lastbegal": 1756925590750,
      "lastrampok": 1756925590750
    },
    "6288293605954@s.whatsapp.net": {
      "vip": false,
      "ban": false,
      "afkTime": -1,
      "afkReason": "",
      "register": false,
      "limit": 20,
      "money": 100,
      "lastclaim": 1756946244212,
      "lastbegal": 1756946244212,
      "lastrampok": 1756946244212
    },
    "6281937891785@s.whatsapp.net": {
      "vip": false,
      "ban": false,
      "afkTime": -1,
      "afkReason": "",
      "register": false,
      "limit": 20,
      "money": 100,
      "lastclaim": 1756946244915,
      "lastbegal": 1756946244915,
      "lastrampok": 1756946244915
    },
    "6285642565655@s.whatsapp.net": {
      "vip": false,
      "ban": false,
      "afkTime": -1,
      "afkReason": "",
      "register": false,
      "limit": 20,
      "money": 100,
      "lastclaim": 1756946252519,
      "lastbegal": 1756946252519,
      "lastrampok": 1756946252519
    },
    "6281398901320@s.whatsapp.net": {
      "vip": false,
      "ban": false,
      "afkTime": -1,
      "afkReason": "",
      "register": false,
      "limit": 20,
      "money": 100,
      "lastclaim": 1756946919598,
      "lastbegal": 1756946919598,
      "lastrampok": 1756946919598
    },
    "219142670004255@lid": {
      "vip": false,
      "ban": false,
      "afkTime": -1,
      "afkReason": "",
      "register": false,
      "limit": 20,
      "money": 100,
      "lastclaim": 1756955214103,
      "lastbegal": 1756955214103,
      "lastrampok": 1756955214103
    },
    "6289518117052@s.whatsapp.net": {
      "vip": false,
      "ban": false,
      "afkTime": -1,
      "afkReason": "",
      "register": false,
      "limit": 20,
      "money": 1000,
      "lastclaim": 1756973379213,
      "lastbegal": 1756973379213,
      "lastrampok": 1756973379213
    },
    "6288268043064@s.whatsapp.net": {
      "vip": false,
      "ban": false,
      "afkTime": -1,
      "afkReason": "",
      "register": false,
      "limit": 20,
      "money": 1000,
      "lastclaim": 1756980152900,
      "lastbegal": 1756980152900,
      "lastrampok": 1756980152900
    },
    "6285959776504@s.whatsapp.net": {
      "vip": false,
      "ban": false,
      "afkTime": -1,
      "afkReason": "",
      "register": false,
      "limit": 20,
      "money": 1000,
      "lastclaim": 1756980501600,
      "lastbegal": 1756980501600,
      "lastrampok": 1756980501600
    },
    "6285762633560@s.whatsapp.net": {
      "vip": false,
      "ban": false,
      "afkTime": -1,
      "afkReason": "",
      "register": false,
      "limit": 20,
      "money": 1000,
      "lastclaim": 1756983683735,
      "lastbegal": 1756983683735,
      "lastrampok": 1756983683735
    },
    "6281228011005@s.whatsapp.net": {
      "vip": false,
      "ban": false,
      "afkTime": -1,
      "afkReason": "",
      "register": false,
      "limit": 20,
      "money": 1000,
      "lastclaim": 1756984416003,
      "lastbegal": 1756984416003,
      "lastrampok": 1756984416003
    },
    "6285747863318@s.whatsapp.net": {
      "vip": false,
      "ban": false,
      "afkTime": -1,
      "afkReason": "",
      "register": false,
      "limit": 20,
      "money": 1000,
      "lastclaim": 1756991538917,
      "lastbegal": 1756991538917,
      "lastrampok": 1756991538917
    },
    "6285647266412@s.whatsapp.net": {
      "vip": false,
      "ban": false,
      "afkTime": -1,
      "afkReason": "",
      "register": false,
      "limit": 20,
      "money": 1000,
      "lastclaim": 1756999663901,
      "lastbegal": 1756999663901,
      "lastrampok": 1756999663901
    },
    "62895370756364@s.whatsapp.net": {
      "vip": false,
      "ban": false,
      "afkTime": -1,
      "afkReason": "",
      "register": false,
      "limit": 20,
      "money": 1000,
      "lastclaim": 1757002388596,
      "lastbegal": 1757002388596,
      "lastrampok": 1757002388596
    },
    "6283133883488@s.whatsapp.net": {
      "vip": false,
      "ban": false,
      "afkTime": -1,
      "afkReason": "",
      "register": false,
      "limit": 20,
      "money": 1000,
      "lastclaim": 1757013019217,
      "lastbegal": 1757013019217,
      "lastrampok": 1757013019217
    },
    "6283892197065@s.whatsapp.net": {
      "vip": false,
      "ban": false,
      "afkTime": -1,
      "afkReason": "",
      "register": false,
      "limit": 20,
      "money": 1000,
      "lastclaim": 1757015979405,
      "lastbegal": 1757015979405,
      "lastrampok": 1757015979405
    },
    "6285606347471@s.whatsapp.net": {
      "vip": false,
      "ban": false,
      "afkTime": -1,
      "afkReason": "",
      "register": false,
      "limit": 20,
      "money": 1000,
      "lastclaim": 1757056338720,
      "lastbegal": 1757056338720,
      "lastrampok": 1757056338720
    }
  },
  "game": {
    "suit": {},
    "chess": {},
    "chat_ai": {},
    "menfes": {},
    "tekateki": {},
    "akinator": {},
    "tictactoe": {},
    "tebaklirik": {},
    "kuismath": {},
    "blackjack": {},
    "tebaklagu": {},
    "tebakkata": {},
    "family100": {},
    "susunkata": {},
    "tebakbom": {},
    "ulartangga": {},
    "tebakkimia": {},
    "caklontong": {},
    "tebakangka": {},
    "tebaknegara": {},
    "tebakgambar": {},
    "tebakbendera": {}
  },
  "groups": {
    "120363029703949327@g.us": {
      "url": "",
      "text": {},
      "warn": {},
      "tagsw": {},
      "nsfw": false,
      "mute": false,
      "leave": false,
      "setinfo": false,
      "antilink": false,
      "demote": false,
      "antitoxic": false,
      "promote": false,
      "welcome": false,
      "antivirtex": false,
      "antitagsw": false,
      "antidelete": false,
      "antihidetag": false,
      "waktusholat": true
    },
    "120363141998849832@g.us": {
      "url": "",
      "text": {},
      "warn": {},
      "tagsw": {},
      "nsfw": false,
      "mute": false,
      "leave": false,
      "setinfo": false,
      "antilink": false,
      "demote": false,
      "antitoxic": false,
      "promote": false,
      "welcome": true,
      "antivirtex": false,
      "antitagsw": false,
      "antidelete": false,
      "antihidetag": false,
      "waktusholat": true
    },
    "120363417147366878@g.us": {
      "url": "",
      "text": {},
      "warn": {},
      "tagsw": {},
      "nsfw": false,
      "mute": false,
      "leave": false,
      "setinfo": false,
      "antilink": false,
      "demote": false,
      "antitoxic": false,
      "promote": true,
      "welcome": true,
      "antivirtex": false,
      "antitagsw": false,
      "antidelete": false,
      "antihidetag": false,
      "waktusholat": true
    }
  },
  "database": {},
  "premium": [
    {
      "id": "6283879685072@s.whatsapp.net",
      "expired": 88156227559348
    }
  ],
  "sewa": [],
  "cases": [
    "19rujxl1e",
    "shutdown",
    "off",
    "setbio",
    "setppbot",
    "delppbot",
    "join",
    "leave",
    "clearchat",
    "getmsgstore",
    "storemsg",
    "blokir",
    "block",
    "listblock",
    "openblokir",
    "unblokir",
    "openblock",
    "unblock",
    "ban",
    "banned",
    "unban",
    "unbanned",
    "mute",
    "unmute",
    "addowner",
    "delowner",
    "adduang",
    "addmoney",
    "addlimit",
    "listpc",
    "listgc",
    "creategc",
    "buatgc",
    "addsewa",
    "sewa",
    "delsewa",
    "listsewa",
    "addpr",
    "addprem",
    "addpremium",
    "delpr",
    "delprem",
    "delpremium",
    "listpr",
    "listprem",
    "listpremium",
    "upsw",
    "addcase",
    "19rujxl1e",
    "getcase",
    "delcase",
    "backup",
    "all",
    "auto",
    "session",
    "database",
    "getsession",
    "deletesession",
    "delsession",
    "deletesampah",
    "delsampah",
    "setnamebot",
    "setbotname",
    "setpacknamebot",
    "setbotpackname",
    "setauthorbot",
    "setbotauthor",
    "sc",
    "script",
    "donasi",
    "donate",
    "add",
    "kick",
    "dor",
    "promote",
    "demote",
    "warn",
    "warning",
    "unwarn",
    "delwarn",
    "unwarning",
    "delwarning",
    "setname",
    "setnamegc",
    "setsubject",
    "setsubjectgc",
    "setdesc",
    "setdescgc",
    "setdesk",
    "setdeskgc",
    "setppgroups",
    "setppgrup",
    "setppgc",
    "delete",
    "del",
    "d",
    "pin",
    "unpin",
    "linkgroup",
    "linkgrup",
    "linkgc",
    "urlgroup",
    "urlgrup",
    "urlgc",
    "revoke",
    "newlink",
    "newurl",
    "group",
    "grup",
    "gc",
    "close",
    "open",
    "join",
    "pesansementara",
    "disappearing",
    "antilink",
    "antivirtex",
    "antidelete",
    "welcome",
    "antitoxic",
    "waktusholat",
    "nsfw",
    "antihidetag",
    "setinfo",
    "antitagsw",
    "leave",
    "promote",
    "demote",
    "setwelcome",
    "setleave",
    "setpromote",
    "setdemote",
    "tagall",
    "hidetag",
    "h",
    "totag",
    "listonline",
    "liston",
    "owner",
    "listowner",
    "profile",
    "cek",
    "leaderboard",
    "totalpesan",
    "req",
    "request",
    "totalfitur",
    "/g) || []).length\r\n\t\t\t\tm.reply(`Total Fitur : ${total}`);\r\n\t\t\t}\r\n\t\t\tbreak\r\n\t\t\tcase ",
    "claim",
    "transfer",
    "tf",
    "buy",
    "react",
    "tagme",
    "runtime",
    "tes",
    "bot",
    "mode",
    "public",
    "self",
    "anticall",
    "autobio",
    "autoread",
    "autotyping",
    "readsw",
    "multiprefix",
    "antispam",
    "set",
    "settings",
    "ping",
    "botstatus",
    "statusbot",
    "speedtest",
    "speed",
    "afk",
    "readviewonce",
    "readviewone",
    "rvo",
    "inspect",
    "addmsg",
    "delmsg",
    "deletemsg",
    "getmsg",
    "listmsg",
    "setcmd",
    "addcmd",
    "delcmd",
    "listcmd",
    "lockcmd",
    "unlockcmd",
    "q",
    "quoted",
    "confes",
    "confess",
    "menfes",
    "menfess",
    "delconfes",
    "delconfess",
    "delmenfes",
    "delmenfess",
    "cai",
    "roomai",
    "chatai",
    "autoai",
    "delcai",
    "delroomai",
    "delchatai",
    "delautoai",
    "jadibot",
    "stopjadibot",
    "deljadibot",
    "listjadibot",
    "fetch",
    "get",
    "toaud",
    "toaudio",
    "tomp3",
    "tovn",
    "toptt",
    "tovoice",
    "togif",
    "toimage",
    "toimg",
    "toptv",
    "tourl",
    "texttospech",
    "tts",
    "tospech",
    "translate",
    "tr",
    "toqr",
    "qr",
    "tohd",
    "remini",
    "hd",
    "dehaze",
    "colorize",
    "colorfull",
    "hitamkan",
    "toblack",
    "ssweb",
    "readmore",
    "getexif",
    "cuaca",
    "weather",
    "sticker",
    "stiker",
    "s",
    "stickergif",
    "stikergif",
    "sgif",
    "stickerwm",
    "swm",
    "curi",
    "colong",
    "take",
    "stickergifwm",
    "sgifwm",
    "smeme",
    "stickmeme",
    "stikmeme",
    "stickermeme",
    "stikermeme",
    "emojimix",
    "qc",
    "quote",
    "fakechat",
    "brat",
    "bratvid",
    "bratvideo",
    "wasted",
    "trigger",
    "triggered",
    "nulis",
    "nuliskiri",
    "nuliskanan",
    "foliokiri",
    "foliokanan",
    "bass",
    "blown",
    "deep",
    "earrape",
    "fast",
    "fat",
    "nightcore",
    "reverse",
    "robot",
    "slow",
    "smooth",
    "tupai",
    "tinyurl",
    "shorturl",
    "shortlink",
    "git",
    "gitclone",
    "ai",
    "simi",
    "bard",
    "gemini",
    "aiedit",
    "google",
    "gimage",
    "bingimg",
    "play",
    "ytplay",
    "yts",
    "ytsearch",
    "youtubesearch",
    "pixiv",
    "pinterest",
    "pint",
    "wallpaper",
    "ringtone",
    "npm",
    "npmjs",
    "style",
    "spotify",
    "spotifysearch",
    "tenor",
    "urban",
    "igstalk",
    "instagramstalk",
    "wastalk",
    "whatsappstalk",
    "telestalk",
    "telegramstalk",
    "tiktokstalk",
    "ttstalk",
    "genshinstalk",
    "gistalk",
    "ghstalk",
    "githubstalk",
    "ytmp3",
    "ytaudio",
    "ytplayaudio",
    "ytmp4",
    "ytvideo",
    "ytplayvideo",
    "ig",
    "instagram",
    "instadl",
    "igdown",
    "igdl",
    "igstory",
    "instagramstory",
    "instastory",
    "storyig",
    "tiktok",
    "tiktokdown",
    "ttdown",
    "ttdl",
    "tt",
    "ttmp4",
    "ttvideo",
    "tiktokmp4",
    "tiktokvideo",
    "ttmp3",
    "tiktokmp3",
    "ttaudio",
    "tiktokaudio",
    "fb",
    "fbdl",
    "fbdown",
    "facebook",
    "facebookdl",
    "facebookdown",
    "fbdownload",
    "fbmp4",
    "fbvideo",
    "mediafire",
    "mf",
    "spotifydl",
    "motivasi",
    "bijak",
    "dare",
    "quotes",
    "truth",
    "renungan",
    "bucin",
    "coffe",
    "kopi",
    "waifu",
    "neko",
    "dadu",
    "halah",
    "hilih",
    "huluh",
    "heleh",
    "holoh",
    "bisakah",
    "apakah",
    "kapan",
    "kapankah",
    "siapa",
    "siapakah",
    "tanyakerang",
    "kerangajaib",
    "kerang",
    "cekmati",
    "ceksifat",
    "cekkhodam",
    "rate",
    "nilai",
    "jodohku",
    "jadian",
    "fitnah",
    "coba",
    "slot",
    "casino",
    "samgong",
    "kartu",
    "rampok",
    "merampok",
    "begal",
    "suitpvp",
    "suit",
    "delsuit",
    "deletesuit",
    "ttc",
    "ttt",
    "tictactoe",
    "delttc",
    "delttt",
    "akinator",
    "tebakbom",
    "tekateki",
    "tebaklirik",
    "tebakkata",
    "family100",
    "susunkata",
    "tebakkimia",
    "caklontong",
    "tebaknegara",
    "tebakgambar",
    "tebakbendera",
    "tebakangka",
    "butawarna",
    "colorblind",
    "kuismath",
    "math",
    "ulartangga",
    "snakeladder",
    "ut",
    "create",
    "join",
    "start",
    "leave",
    "end",
    "chess",
    "catur",
    "ct",
    "start",
    "join",
    "end",
    "leave",
    "bot",
    "computer",
    "blackjack",
    "bj",
    "create",
    "join",
    "start",
    "hit",
    "minum",
    "play",
    "info",
    "end",
    "menu",
    "allmenu",
    "botmenu",
    "groupmenu",
    "searchmenu",
    "downloadmenu",
    "quotesmenu",
    "toolsmenu",
    "aimenu",
    "randommenu",
    "stalkermenu",
    "animemenu",
    "gamemenu",
    "funmenu",
    "ownermenu"
  ]
}